id;vin_number;registration_number;date_sent_to_fic;date_fixed;milage;car_element_name;fault_severity;cost;mechanics_report
1;K38GYILZ45100001;F8100001;2000-07-01;2000-07-07;12741;Silnik;4;1835;Komentarz mechanika
2;K38GYILZ45100001;F8100001;2000-08-07;2000-08-11;12747;Wydech;9;2114;Komentarz mechanika
3;K38GYILZ45100001;F8100001;2000-08-11;2000-08-21;12860;Warczy;8;5188;Komentarz mechanika
4;A10BOOLP58100003;R6100003;2000-07-01;2000-07-02;17613;Silnik;10;4180;Komentarz mechanika
5;A10BOOLP58100003;R6100003;2000-07-02;2000-07-05;17972;Wydech;8;2290;Komentarz mechanika
6;A10BOOLP58100003;R6100003;2000-07-05;2000-07-07;17290;Warczy;5;4893;Komentarz mechanika
7;A10BOOLP58100003;R6100003;2000-09-07;2000-09-12;17720;Wydech;7;9412;Komentarz mechanika
8;S23LXBHL70100004;O8100004;2000-06-01;2000-06-05;21131;Warczy;9;3958;Komentarz mechanika
9;S23LXBHL70100004;O8100004;2000-07-05;2000-07-06;20183;Warczy;6;5929;Komentarz mechanika
10;S23LXBHL70100004;O8100004;2000-08-06;2000-08-15;21021;Silnik;5;4012;Komentarz mechanika
11;T56PPPZV39100005;L4100005;2000-08-01;2000-08-01;18027;Warczy;2;5203;Komentarz mechanika
12;T56PPPZV39100005;L4100005;2000-08-01;2000-08-07;18137;Warczy;6;3541;Komentarz mechanika
13;T56PPPZV39100005;L4100005;2000-09-07;2000-09-11;18159;Wydech;9;1060;Komentarz mechanika
14;W36DXSFX52100006;E3100006;2000-06-01;2000-06-11;15410;Warczy;10;9146;Komentarz mechanika
15;W36DXSFX52100006;E3100006;2000-06-11;2000-06-21;15554;Wydech;6;9925;Komentarz mechanika
16;W36DXSFX52100006;E3100006;2000-07-21;2000-08-03;15602;Warczy;6;2436;Komentarz mechanika
17;J06DBKUI84100009;C5100009;2000-07-01;2000-07-06;21394;Wydech;3;9450;Komentarz mechanika
18;J06DBKUI84100009;C5100009;2000-09-06;2000-09-07;21410;Warczy;6;2649;Komentarz mechanika
19;J06DBKUI84100009;C5100009;2000-09-07;2000-09-07;21184;Silnik;9;7700;Komentarz mechanika
20;J06DBKUI84100009;C5100009;2000-11-07;2000-11-11;21497;Warczy;9;6009;Komentarz mechanika
21;Z77HCSVC94100010;O4100010;2000-07-01;2000-07-11;12733;Warczy;4;2052;Komentarz mechanika
22;Z77HCSVC94100010;O4100010;2000-07-11;2000-07-16;12321;Silnik;2;7695;Komentarz mechanika
23;Z77HCSVC94100010;O4100010;2000-08-16;2000-08-17;12398;Silnik;8;4681;Komentarz mechanika
24;Z77HCSVC94100010;O4100010;2000-08-17;2000-08-18;12826;Warczy;2;606;Komentarz mechanika
25;N24BDNGE61100011;Z6100011;2000-07-01;2000-07-05;18230;Warczy;1;580;Komentarz mechanika
26;N24BDNGE61100011;Z6100011;2000-09-05;2000-09-15;18067;Hamulce;10;4806;Komentarz mechanika
27;N24BDNGE61100011;Z6100011;2000-09-15;2000-09-22;18529;Warczy;4;8903;Komentarz mechanika
28;N24BDNGE61100011;Z6100011;2000-10-22;2000-11-02;17996;Wydech;1;9571;Komentarz mechanika
29;G05GJWWU37100013;M6100013;2000-08-01;2000-08-10;12610;Hamulce;4;2548;Komentarz mechanika
30;U34FEYSX12100014;I8100014;2000-06-01;2000-06-09;20474;Wydech;3;5468;Komentarz mechanika
31;U34FEYSX12100014;I8100014;2000-06-09;2000-06-11;20916;Hamulce;6;9590;Komentarz mechanika
32;T55CBITH03100015;B1100015;2000-07-01;2000-07-01;17268;Wydech;8;7745;Komentarz mechanika
33;T55CBITH03100015;B1100015;2000-09-01;2000-09-11;17120;Wydech;7;7980;Komentarz mechanika
34;F15BDWLN37100017;E2100017;2000-08-01;2000-08-05;14590;Silnik;6;6844;Komentarz mechanika
35;F15BDWLN37100017;E2100017;2000-10-05;2000-10-11;14337;Silnik;7;9541;Komentarz mechanika
36;F15BDWLN37100017;E2100017;2000-10-11;2000-10-14;14495;Hamulce;3;8125;Komentarz mechanika
37;Y18FWTWJ51100018;O0100018;2000-08-01;2000-08-09;20821;Silnik;6;9543;Komentarz mechanika
38;D84YRTPC54100019;M9100019;2000-07-01;2000-07-05;20173;Warczy;9;1468;Komentarz mechanika
39;D84YRTPC54100019;M9100019;2000-08-05;2000-08-09;20445;Wydech;10;6060;Komentarz mechanika
40;D84YRTPC54100019;M9100019;2000-09-09;2000-09-19;20691;Hamulce;1;7699;Komentarz mechanika
41;Y86CCMLP41100020;Q2100020;2000-08-01;2000-08-07;17994;Warczy;1;6841;Komentarz mechanika
42;Y86CCMLP41100020;Q2100020;2000-08-07;2000-08-17;17474;Hamulce;6;9642;Komentarz mechanika
43;U55ZYVMR12100021;M5100021;2000-07-01;2000-07-11;12492;Hamulce;6;7224;Komentarz mechanika
44;U55ZYVMR12100021;M5100021;2000-09-11;2000-09-16;12953;Silnik;9;3620;Komentarz mechanika
45;U55ZYVMR12100021;M5100021;2000-10-16;2000-10-20;13007;Silnik;4;9937;Komentarz mechanika
46;W77VJPET46100022;G9100022;2000-06-01;2000-06-01;18474;Hamulce;5;8169;Komentarz mechanika
47;T32SNDTB14100024;B9100024;2000-07-01;2000-07-08;17659;Wydech;5;9689;Komentarz mechanika
48;Y15ERUNG28100025;Y3100025;2000-08-01;2000-08-09;15320;Hamulce;3;9105;Komentarz mechanika
49;Y15ERUNG28100025;Y3100025;2000-10-09;2000-10-12;15477;Warczy;2;9302;Komentarz mechanika
50;Y15ERUNG28100025;Y3100025;2000-11-12;2000-11-18;16235;Hamulce;8;2636;Komentarz mechanika
51;Y15ERUNG28100025;Y3100025;2000-12-18;2000-12-28;15856;Wydech;4;3707;Komentarz mechanika
52;B37CARFY71100026;I6100026;2000-07-01;2000-07-07;20937;Silnik;5;8366;Komentarz mechanika
53;B37CARFY71100026;I6100026;2000-09-07;2000-09-17;20580;Silnik;5;8580;Komentarz mechanika
54;L30KUGCE90100027;J9100027;2000-07-01;2000-07-11;12688;Silnik;1;4821;Komentarz mechanika
55;L30KUGCE90100027;J9100027;2000-09-11;2000-09-14;12862;Warczy;4;8914;Komentarz mechanika
56;L30KUGCE90100027;J9100027;2000-09-14;2000-09-24;11978;Wydech;7;9528;Komentarz mechanika
57;L30KUGCE90100027;J9100027;2000-09-24;2000-10-05;12348;Wydech;4;3727;Komentarz mechanika
58;Z24FMTHL31100028;R2100028;2000-08-01;2000-08-11;15020;Wydech;9;1710;Komentarz mechanika
59;Z24FMTHL31100028;R2100028;2000-08-11;2000-08-12;14351;Warczy;10;671;Komentarz mechanika
60;Z24FMTHL31100028;R2100028;2000-08-12;2000-08-21;14867;Silnik;10;3802;Komentarz mechanika
61;Q20TGGVT82100029;N1100029;2000-07-01;2000-07-10;19626;Hamulce;8;6842;Komentarz mechanika
62;A31DTSPX30100030;L7100030;2000-08-01;2000-08-05;15958;Warczy;5;7673;Komentarz mechanika
63;A31DTSPX30100030;L7100030;2000-10-05;2000-10-10;16471;Warczy;4;4781;Komentarz mechanika
64;V02KQXEB05100031;K7100031;2000-07-01;2000-07-06;20675;Silnik;7;9254;Komentarz mechanika
65;V02KQXEB05100031;K7100031;2000-08-06;2000-08-07;20438;Warczy;7;1118;Komentarz mechanika
66;V02KQXEB05100031;K7100031;2000-09-07;2000-09-17;20548;Silnik;7;515;Komentarz mechanika
67;F36NBINL93100032;E2100032;2000-07-01;2000-07-07;18187;Wydech;5;7535;Komentarz mechanika
68;F36NBINL93100032;E2100032;2000-07-07;2000-07-08;18402;Hamulce;10;6217;Komentarz mechanika
69;F36NBINL93100032;E2100032;2000-07-08;2000-07-10;18068;Hamulce;10;1883;Komentarz mechanika
70;F36NBINL93100032;E2100032;2000-09-10;2000-09-15;18650;Silnik;1;5369;Komentarz mechanika
71;A45AYJUB47100033;D8100033;2000-08-01;2000-08-02;16898;Hamulce;9;1064;Komentarz mechanika
72;M27DUJIQ90100034;K8100034;2000-08-01;2000-08-05;11891;Warczy;5;7676;Komentarz mechanika
73;M27DUJIQ90100034;K8100034;2000-08-05;2000-08-09;11422;Warczy;6;9388;Komentarz mechanika
74;M27DUJIQ90100034;K8100034;2000-10-09;2000-10-10;11756;Silnik;10;2081;Komentarz mechanika
75;R60OSHLX17100035;T7100035;2000-06-01;2000-06-09;19058;Wydech;2;4130;Komentarz mechanika
76;F11JPDGG05100038;N8100038;2000-06-01;2000-06-06;14940;Hamulce;10;7398;Komentarz mechanika
77;F11JPDGG05100038;N8100038;2000-08-06;2000-08-08;14932;Hamulce;8;5312;Komentarz mechanika
78;F11JPDGG05100038;N8100038;2000-08-08;2000-08-14;14871;Warczy;9;1973;Komentarz mechanika
79;L75VDXVQ92100039;D0100039;2000-08-01;2000-08-04;16606;Hamulce;6;6446;Komentarz mechanika
80;L75VDXVQ92100039;D0100039;2000-09-04;2000-09-14;16567;Wydech;2;9506;Komentarz mechanika
81;L75VDXVQ92100039;D0100039;2000-09-14;2000-09-19;16696;Silnik;10;9548;Komentarz mechanika
82;L75VDXVQ92100039;D0100039;2000-10-19;2000-10-24;16514;Hamulce;10;3416;Komentarz mechanika
83;O85DGNKE30100042;E1100042;2000-06-01;2000-06-03;12009;Hamulce;6;2797;Komentarz mechanika
84;O85DGNKE30100042;E1100042;2000-06-03;2000-06-06;12042;Silnik;6;2786;Komentarz mechanika
85;O85DGNKE30100042;E1100042;2000-06-06;2000-06-10;11657;Hamulce;9;2788;Komentarz mechanika
86;O85DGNKE30100042;E1100042;2000-08-10;2000-08-20;11546;Hamulce;9;454;Komentarz mechanika
87;X94XUKXG40100043;C6100043;2000-08-01;2000-08-06;16979;Wydech;3;6114;Komentarz mechanika
88;X94XUKXG40100043;C6100043;2000-10-06;2000-10-08;16974;Hamulce;2;3149;Komentarz mechanika
89;F97DFWWF65100045;F8100045;2000-07-01;2000-07-09;16247;Wydech;2;3678;Komentarz mechanika
90;F97DFWWF65100045;F8100045;2000-07-09;2000-07-17;16104;Hamulce;8;1775;Komentarz mechanika
91;H11NQEGL84100046;Z6100046;2000-06-01;2000-06-10;16857;Warczy;7;553;Komentarz mechanika
92;H11NQEGL84100046;Z6100046;2000-08-10;2000-08-16;16855;Warczy;2;1301;Komentarz mechanika
93;H11NQEGL84100046;Z6100046;2000-08-16;2000-08-17;17003;Silnik;5;8603;Komentarz mechanika
94;Z88JJGBY62100047;B1100047;2000-08-01;2000-08-11;18382;Silnik;6;2099;Komentarz mechanika
95;Z88JJGBY62100047;B1100047;2000-08-11;2000-08-13;19120;Warczy;5;8334;Komentarz mechanika
96;Z88JJGBY62100047;B1100047;2000-10-13;2000-10-18;18951;Hamulce;7;552;Komentarz mechanika
97;Z88JJGBY62100047;B1100047;2000-12-18;2000-12-25;19242;Wydech;1;7918;Komentarz mechanika
98;P32WRPCX37100048;L3100048;2000-07-01;2000-07-09;14505;Hamulce;1;8289;Komentarz mechanika
99;P32WRPCX37100048;L3100048;2000-08-09;2000-08-11;15128;Warczy;9;4051;Komentarz mechanika
100;P32WRPCX37100048;L3100048;2000-08-11;2000-08-20;14768;Warczy;8;7554;Komentarz mechanika
101;P32WRPCX37100048;L3100048;2000-10-20;2000-10-20;14344;Wydech;9;9753;Komentarz mechanika
102;L17HTSII12100049;I1100049;2000-06-01;2000-06-03;12775;Wydech;7;8564;Komentarz mechanika
103;L17HTSII12100049;I1100049;2000-06-03;2000-06-13;12435;Hamulce;3;6685;Komentarz mechanika
104;L17HTSII12100049;I1100049;2000-06-13;2000-06-15;12550;Wydech;7;1473;Komentarz mechanika
105;L17HTSII12100049;I1100049;2000-06-15;2000-06-22;12712;Wydech;6;465;Komentarz mechanika
106;O95ZLRZW65100050;P1100050;2000-08-01;2000-08-05;11669;Hamulce;2;8721;Komentarz mechanika
107;R60RHSZH48100051;D9100051;2000-07-01;2000-07-03;21183;Warczy;8;5514;Komentarz mechanika
108;R60RHSZH48100051;D9100051;2000-08-03;2000-08-04;20596;Hamulce;7;841;Komentarz mechanika
109;R60RHSZH48100051;D9100051;2000-10-04;2000-10-10;21155;Warczy;7;119;Komentarz mechanika
110;T98BGEOO12100053;M1100053;2000-08-01;2000-08-09;11909;Silnik;1;9411;Komentarz mechanika
111;H39UQULV89100056;O7100056;2000-08-01;2000-08-03;11880;Hamulce;1;6918;Komentarz mechanika
112;H39UQULV89100056;O7100056;2000-09-03;2000-09-03;12293;Hamulce;4;7875;Komentarz mechanika
113;H39UQULV89100056;O7100056;2000-10-03;2000-10-06;12511;Hamulce;6;6200;Komentarz mechanika
114;H39UQULV89100056;O7100056;2000-12-06;2000-12-12;12598;Hamulce;10;409;Komentarz mechanika
115;B56YREWG68100058;Z1100058;2000-06-01;2000-06-02;12424;Hamulce;1;4936;Komentarz mechanika
116;B56YREWG68100058;Z1100058;2000-07-02;2000-07-03;12050;Wydech;2;1084;Komentarz mechanika
117;B56YREWG68100058;Z1100058;2000-08-03;2000-08-04;11995;Warczy;10;3557;Komentarz mechanika
118;B56YREWG68100058;Z1100058;2000-08-04;2000-08-14;11983;Hamulce;9;4882;Komentarz mechanika
119;G88DKUNG89100059;W6100059;2000-06-01;2000-06-02;17067;Warczy;9;2463;Komentarz mechanika
120;Q09LXTRI25100060;K1100060;2000-08-01;2000-08-09;17974;Hamulce;10;1588;Komentarz mechanika
121;Q09LXTRI25100060;K1100060;2000-08-09;2000-08-16;18131;Wydech;4;1862;Komentarz mechanika
122;Q09LXTRI25100060;K1100060;2000-09-16;2000-09-20;17860;Silnik;3;430;Komentarz mechanika
123;A12VFXBQ73100061;N3100061;2000-08-01;2000-08-08;16673;Warczy;9;7257;Komentarz mechanika
124;T20RYIJR25100062;J4100062;2000-07-01;2000-07-04;12373;Wydech;9;4904;Komentarz mechanika
125;T20RYIJR25100062;J4100062;2000-08-04;2000-08-09;12122;Hamulce;1;342;Komentarz mechanika
126;R37YSCHO52100063;R0100063;2000-08-01;2000-08-06;17125;Silnik;10;4250;Komentarz mechanika
127;R37YSCHO52100063;R0100063;2000-08-06;2000-08-10;16571;Silnik;3;2537;Komentarz mechanika
128;R37YSCHO52100063;R0100063;2000-10-10;2000-10-19;16955;Wydech;3;2654;Komentarz mechanika
129;I50JDPMG22100064;D6100064;2000-08-01;2000-08-07;13017;Warczy;6;4332;Komentarz mechanika
130;C23CONAI62100065;Q4100065;2000-06-01;2000-06-03;13744;Hamulce;4;8398;Komentarz mechanika
131;C23CONAI62100065;Q4100065;2000-06-03;2000-06-13;13547;Warczy;5;9983;Komentarz mechanika
132;C23CONAI62100065;Q4100065;2000-08-13;2000-08-22;12876;Hamulce;3;6293;Komentarz mechanika
133;C23CONAI62100065;Q4100065;2000-09-22;2000-09-26;13131;Silnik;4;3434;Komentarz mechanika
134;C69FPZKC85100066;G6100066;2000-08-01;2000-08-07;18450;Wydech;9;5865;Komentarz mechanika
135;C69FPZKC85100066;G6100066;2000-08-07;2000-08-07;17531;Silnik;7;7850;Komentarz mechanika
136;X88RIMFL43100067;Y5100067;2000-08-01;2000-08-02;13360;Warczy;1;1503;Komentarz mechanika
137;P39IZDJD58100068;G2100068;2000-06-01;2000-06-07;13148;Hamulce;4;6569;Komentarz mechanika
138;P39IZDJD58100068;G2100068;2000-06-07;2000-06-07;13021;Warczy;7;9273;Komentarz mechanika
139;P39IZDJD58100068;G2100068;2000-06-07;2000-06-07;12674;Hamulce;5;9644;Komentarz mechanika
140;P39IZDJD58100068;G2100068;2000-08-07;2000-08-08;13537;Warczy;3;3749;Komentarz mechanika
141;B96WNMWM75100069;G0100069;2000-06-01;2000-06-11;15657;Silnik;1;995;Komentarz mechanika
142;B96WNMWM75100069;G0100069;2000-07-11;2000-07-11;16252;Warczy;1;1806;Komentarz mechanika
143;B96WNMWM75100069;G0100069;2000-07-11;2000-07-21;16024;Hamulce;2;1903;Komentarz mechanika
144;N59OHIQH48100070;B6100070;2000-07-01;2000-07-04;18370;Hamulce;1;1232;Komentarz mechanika
145;N59OHIQH48100070;B6100070;2000-09-04;2000-09-08;18371;Hamulce;7;6133;Komentarz mechanika
146;H54MATXL17100072;B3100072;2000-06-01;2000-06-02;21112;Hamulce;10;3962;Komentarz mechanika
147;S42RHVXK52100073;Y7100073;2000-06-01;2000-06-08;20170;Hamulce;7;8728;Komentarz mechanika
148;C35ICINL32100074;D4100074;2000-07-01;2000-07-10;15670;Silnik;10;9539;Komentarz mechanika
149;C35ICINL32100074;D4100074;2000-07-10;2000-07-13;15924;Silnik;8;7255;Komentarz mechanika
150;C35ICINL32100074;D4100074;2000-08-13;2000-08-21;16230;Warczy;10;4782;Komentarz mechanika
151;C35ICINL32100074;D4100074;2000-10-21;2000-10-21;15868;Warczy;7;8871;Komentarz mechanika
152;X99YMMOF94100076;P5100076;2000-07-01;2000-07-10;13193;Hamulce;8;6596;Komentarz mechanika
153;X99YMMOF94100076;P5100076;2000-08-10;2000-08-11;13513;Hamulce;6;7176;Komentarz mechanika
154;X99YMMOF94100076;P5100076;2000-10-11;2000-10-11;13603;Hamulce;2;3631;Komentarz mechanika
155;T62YCXFX84100077;Q9100077;2000-08-01;2000-08-02;12628;Wydech;2;1933;Komentarz mechanika
156;T62YCXFX84100077;Q9100077;2000-08-02;2000-08-10;12462;Wydech;3;6765;Komentarz mechanika
157;T62YCXFX84100077;Q9100077;2000-10-10;2000-10-10;12145;Warczy;9;3144;Komentarz mechanika
158;T62YCXFX84100077;Q9100077;2000-10-10;2000-10-15;12847;Hamulce;4;6050;Komentarz mechanika
159;K80YMBJG57100078;S3100078;2000-06-01;2000-06-10;13449;Silnik;10;1301;Komentarz mechanika
160;K80YMBJG57100078;S3100078;2000-07-10;2000-07-18;14059;Warczy;7;1253;Komentarz mechanika
161;K80YMBJG57100078;S3100078;2000-09-18;2000-09-20;13671;Hamulce;7;6439;Komentarz mechanika
162;K19WUTNL76100079;T1100079;2000-07-01;2000-07-02;19000;Hamulce;2;2514;Komentarz mechanika
163;K19WUTNL76100079;T1100079;2000-08-02;2000-08-06;19746;Wydech;1;6927;Komentarz mechanika
164;K19WUTNL76100079;T1100079;2000-08-06;2000-08-10;19440;Silnik;5;8789;Komentarz mechanika
165;K19WUTNL76100079;T1100079;2000-08-10;2000-08-14;19631;Hamulce;10;3506;Komentarz mechanika
166;E98PIMXB13100082;F5100082;2000-06-01;2000-06-08;20364;Hamulce;6;7745;Komentarz mechanika
167;E98PIMXB13100082;F5100082;2000-07-08;2000-07-09;20412;Warczy;2;5144;Komentarz mechanika
168;L34STUAT36100087;M6100087;2000-06-01;2000-06-01;21588;Silnik;4;5725;Komentarz mechanika
169;L34STUAT36100087;M6100087;2000-06-01;2000-06-09;21470;Hamulce;4;949;Komentarz mechanika
170;L34STUAT36100087;M6100087;2000-08-09;2000-08-12;21290;Silnik;2;2141;Komentarz mechanika
171;L34STUAT36100087;M6100087;2000-09-12;2000-09-16;21006;Wydech;7;2331;Komentarz mechanika
172;R93EHEMN90100088;U2100088;2000-06-01;2000-06-11;15157;Wydech;5;7449;Komentarz mechanika
173;R93EHEMN90100088;U2100088;2000-06-11;2000-06-18;15931;Hamulce;6;3132;Komentarz mechanika
174;R93EHEMN90100088;U2100088;2000-08-18;2000-08-23;15921;Wydech;5;7867;Komentarz mechanika
175;R93EHEMN90100088;U2100088;2000-10-23;2000-10-27;15215;Warczy;10;2108;Komentarz mechanika
176;L14BJZRL68100089;D9100089;2000-08-01;2000-08-06;19293;Wydech;7;6157;Komentarz mechanika
177;L14BJZRL68100089;D9100089;2000-08-06;2000-08-09;19025;Silnik;9;6104;Komentarz mechanika
178;L14BJZRL68100089;D9100089;2000-09-09;2000-09-16;18710;Silnik;6;1556;Komentarz mechanika
179;Q87WRCXU09100092;C6100092;2000-06-01;2000-06-02;16882;Silnik;3;9401;Komentarz mechanika
180;V34HBIGG44100093;O7100093;2000-07-01;2000-07-08;15954;Hamulce;4;1739;Komentarz mechanika
181;B72CZKAP51100094;I4100094;2000-08-01;2000-08-07;15698;Silnik;9;8450;Komentarz mechanika
182;B72CZKAP51100094;I4100094;2000-09-07;2000-09-07;16104;Warczy;6;5670;Komentarz mechanika
183;B72CZKAP51100094;I4100094;2000-09-07;2000-09-09;15334;Wydech;4;4744;Komentarz mechanika
184;B72CZKAP51100094;I4100094;2000-09-09;2000-09-09;15262;Silnik;2;3763;Komentarz mechanika
185;S77TDUAQ04100095;N3100095;2000-08-01;2000-08-09;17161;Silnik;6;8328;Komentarz mechanika
186;S77TDUAQ04100095;N3100095;2000-10-09;2000-10-14;17130;Wydech;10;450;Komentarz mechanika
187;Y17GTYJQ75100096;U3100096;2000-06-01;2000-06-10;15017;Wydech;4;2117;Komentarz mechanika
188;X68UCRQP67100097;T1100097;2000-07-01;2000-07-02;17224;Wydech;10;2079;Komentarz mechanika
189;R45JWUZY00100098;G1100098;2000-07-01;2000-07-04;18024;Hamulce;2;4899;Komentarz mechanika
190;R45JWUZY00100098;G1100098;2000-07-04;2000-07-14;18304;Wydech;8;6634;Komentarz mechanika
191;R45JWUZY00100098;G1100098;2000-07-14;2000-07-19;18154;Hamulce;8;8279;Komentarz mechanika
192;R45JWUZY00100098;G1100098;2000-09-19;2000-09-27;17995;Warczy;8;4413;Komentarz mechanika
193;P23OZXVA56100099;Z8100099;2000-08-01;2000-08-06;20800;Silnik;7;5639;Komentarz mechanika
194;P23OZXVA56100099;Z8100099;2000-08-06;2000-08-10;21040;Hamulce;4;7717;Komentarz mechanika
195;P23OZXVA56100099;Z8100099;2000-09-10;2000-09-12;21026;Wydech;10;3228;Komentarz mechanika
196;P23OZXVA56100099;Z8100099;2000-10-12;2000-10-18;20405;Warczy;5;7387;Komentarz mechanika
197;E16ATJMZ34100100;Q8100100;2000-08-01;2000-08-09;12669;Silnik;6;6135;Komentarz mechanika
198;E16ATJMZ34100100;Q8100100;2000-08-09;2000-08-12;12587;Wydech;6;7167;Komentarz mechanika
199;E16ATJMZ34100100;Q8100100;2000-09-12;2000-09-12;12201;Hamulce;6;951;Komentarz mechanika
200;L87WJGME04100102;Z0100102;2000-06-01;2000-06-01;12057;Wydech;6;9983;Komentarz mechanika
201;L87WJGME04100102;Z0100102;2000-08-01;2000-08-04;11990;Wydech;7;1351;Komentarz mechanika
202;L87WJGME04100102;Z0100102;2000-08-04;2000-08-14;11743;Wydech;8;8286;Komentarz mechanika
203;L87WJGME04100102;Z0100102;2000-09-14;2000-09-19;12468;Silnik;7;7156;Komentarz mechanika
204;S47RUAIT50100103;V7100103;2000-06-01;2000-06-02;17380;Wydech;1;8051;Komentarz mechanika
205;S47RUAIT50100103;V7100103;2000-08-02;2000-08-12;17034;Warczy;6;3322;Komentarz mechanika
206;L52JLOTG80100104;R4100104;2000-08-01;2000-08-09;12564;Wydech;5;128;Komentarz mechanika
207;L52JLOTG80100104;R4100104;2000-09-09;2000-09-09;12975;Hamulce;5;9876;Komentarz mechanika
208;J32TFCAA36100105;O5100105;2000-07-01;2000-07-10;12687;Wydech;5;2302;Komentarz mechanika
209;J53VMOJO24100106;G2100106;2000-08-01;2000-08-09;13768;Wydech;8;7033;Komentarz mechanika
210;J53VMOJO24100106;G2100106;2000-08-09;2000-08-13;13517;Warczy;4;957;Komentarz mechanika
211;B12XAFEU25100108;Y3100108;2000-06-01;2000-06-02;19807;Silnik;4;9108;Komentarz mechanika
212;B12XAFEU25100108;Y3100108;2000-06-02;2000-06-05;19356;Warczy;7;3799;Komentarz mechanika
213;B12XAFEU25100108;Y3100108;2000-06-05;2000-06-08;19466;Hamulce;4;5807;Komentarz mechanika
214;B12XAFEU25100108;Y3100108;2000-06-08;2000-06-15;20043;Wydech;4;4908;Komentarz mechanika
215;L11CRKGD41100109;W9100109;2000-06-01;2000-06-07;17830;Wydech;7;7789;Komentarz mechanika
216;L11CRKGD41100109;W9100109;2000-06-07;2000-06-12;17358;Silnik;9;7657;Komentarz mechanika
217;U19RLOYO71100111;L5100111;2000-06-01;2000-06-03;19294;Wydech;7;8140;Komentarz mechanika
218;U19RLOYO71100111;L5100111;2000-08-03;2000-08-03;19034;Silnik;8;9416;Komentarz mechanika
219;U19RLOYO71100111;L5100111;2000-08-03;2000-08-05;18958;Wydech;7;9228;Komentarz mechanika
220;U19RLOYO71100111;L5100111;2000-09-05;2000-09-12;19114;Silnik;9;620;Komentarz mechanika
221;K71VHFPX51100114;P9100114;2000-07-01;2000-07-08;15825;Silnik;8;1492;Komentarz mechanika
222;K71VHFPX51100114;P9100114;2000-08-08;2000-08-08;15749;Silnik;7;8469;Komentarz mechanika
223;R26TJHYQ63100115;D6100115;2000-06-01;2000-06-04;20496;Hamulce;1;9118;Komentarz mechanika
224;R26TJHYQ63100115;D6100115;2000-08-04;2000-08-07;19951;Silnik;4;8903;Komentarz mechanika
225;R26TJHYQ63100115;D6100115;2000-08-07;2000-08-16;20527;Silnik;1;6304;Komentarz mechanika
226;K41WEEJQ50100116;U5100116;2000-08-01;2000-08-06;19273;Wydech;6;5013;Komentarz mechanika
227;K41WEEJQ50100116;U5100116;2000-09-06;2000-09-13;19196;Wydech;10;497;Komentarz mechanika
228;E36FLRLS76100117;I3100117;2000-07-01;2000-07-01;18711;Warczy;8;1230;Komentarz mechanika
229;E36FLRLS76100117;I3100117;2000-07-01;2000-07-05;18927;Warczy;5;8890;Komentarz mechanika
230;X28SMTCP74100118;D8100118;2000-07-01;2000-07-10;12058;Warczy;3;3167;Komentarz mechanika
231;W13ASYFM46100119;B0100119;2000-08-01;2000-08-06;14750;Silnik;3;755;Komentarz mechanika
232;W13ASYFM46100119;B0100119;2000-09-06;2000-09-06;14501;Hamulce;7;5948;Komentarz mechanika
233;S64IQDNB03100120;J6100120;2000-08-01;2000-08-03;20406;Warczy;1;1525;Komentarz mechanika
234;S64IQDNB03100120;J6100120;2000-10-03;2000-10-10;20203;Warczy;7;7344;Komentarz mechanika
235;R31PXQRN70100121;T0100121;2000-06-01;2000-06-11;18310;Warczy;9;8443;Komentarz mechanika
236;R31PXQRN70100121;T0100121;2000-08-11;2000-08-11;18997;Warczy;5;6441;Komentarz mechanika
237;R31PXQRN70100121;T0100121;2000-09-11;2000-09-17;18497;Warczy;4;393;Komentarz mechanika
238;R31PXQRN70100121;T0100121;2000-11-17;2000-11-21;18673;Hamulce;6;7576;Komentarz mechanika
239;C71RKLNF07100122;W8100122;2000-06-01;2000-06-06;14973;Hamulce;5;3196;Komentarz mechanika
240;C71RKLNF07100122;W8100122;2000-07-06;2000-07-12;14495;Silnik;1;8677;Komentarz mechanika
241;C71RKLNF07100122;W8100122;2000-09-12;2000-09-22;14605;Wydech;8;8275;Komentarz mechanika
242;C71RKLNF07100122;W8100122;2000-10-22;2000-10-23;14455;Hamulce;3;672;Komentarz mechanika
243;S23IVFMO09100123;N1100123;2000-06-01;2000-06-02;18200;Wydech;1;5825;Komentarz mechanika
244;S23IVFMO09100123;N1100123;2000-08-02;2000-08-02;18383;Silnik;4;8198;Komentarz mechanika
245;S23IVFMO09100123;N1100123;2000-08-02;2000-08-02;17753;Hamulce;10;6368;Komentarz mechanika
246;J34WSTKK42100124;I5100124;2000-06-01;2000-06-01;15815;Wydech;2;573;Komentarz mechanika
247;U78NMGRE90100125;Y5100125;2000-07-01;2000-07-08;12502;Warczy;4;9340;Komentarz mechanika
248;U78NMGRE90100125;Y5100125;2000-08-08;2000-08-12;11975;Wydech;1;5475;Komentarz mechanika
249;U78NMGRE90100125;Y5100125;2000-09-12;2000-09-14;12230;Silnik;6;1378;Komentarz mechanika
250;V35JCVTO07100127;B6100127;2000-07-01;2000-07-11;16925;Hamulce;5;2297;Komentarz mechanika
251;Z25MMUEM50100128;O8100128;2000-07-01;2000-07-08;14469;Silnik;1;4657;Komentarz mechanika
252;Z25MMUEM50100128;O8100128;2000-09-08;2000-09-18;13819;Warczy;7;4969;Komentarz mechanika
253;E13DOPLF24100129;G5100129;2000-06-01;2000-06-05;21439;Hamulce;10;1717;Komentarz mechanika
254;E13DOPLF24100129;G5100129;2000-06-05;2000-06-15;21089;Silnik;9;891;Komentarz mechanika
255;E13DOPLF24100129;G5100129;2000-07-15;2000-07-15;20516;Hamulce;10;8939;Komentarz mechanika
256;K71POQIB49100131;J2100131;2000-08-01;2000-08-04;18829;Wydech;5;9476;Komentarz mechanika
257;K71POQIB49100131;J2100131;2000-08-04;2000-08-04;18445;Silnik;4;920;Komentarz mechanika
258;K71POQIB49100131;J2100131;2000-08-04;2000-08-13;18669;Wydech;3;2171;Komentarz mechanika
259;K71POQIB49100131;J2100131;2000-09-13;2000-09-16;19294;Wydech;2;2512;Komentarz mechanika
260;P40NZQDE63100132;N9100132;2000-06-01;2000-06-03;20069;Hamulce;9;6190;Komentarz mechanika
261;P40NZQDE63100132;N9100132;2000-07-03;2000-07-12;19629;Silnik;8;3690;Komentarz mechanika
262;P40NZQDE63100132;N9100132;2000-09-12;2000-09-15;19709;Wydech;3;3068;Komentarz mechanika
263;P40NZQDE63100132;N9100132;2000-10-15;2000-10-19;20003;Wydech;2;9097;Komentarz mechanika
264;G96HJIVO70100133;L9100133;2000-06-01;2000-06-01;12346;Silnik;3;9777;Komentarz mechanika
265;G96HJIVO70100133;L9100133;2000-07-01;2000-07-03;12352;Hamulce;7;4606;Komentarz mechanika
266;G96HJIVO70100133;L9100133;2000-08-03;2000-08-05;12412;Silnik;3;6838;Komentarz mechanika
267;V20CRXHB46100134;C7100134;2000-06-01;2000-06-01;20819;Hamulce;8;8964;Komentarz mechanika
268;V20CRXHB46100134;C7100134;2000-08-01;2000-08-09;20031;Warczy;5;7707;Komentarz mechanika
269;R50ISICB28100135;N5100135;2000-08-01;2000-08-01;13457;Silnik;9;7050;Komentarz mechanika
270;R50ISICB28100135;N5100135;2000-08-01;2000-08-09;13038;Wydech;3;8316;Komentarz mechanika
271;R50ISICB28100135;N5100135;2000-08-09;2000-08-18;12836;Wydech;5;3798;Komentarz mechanika
272;R50ISICB28100135;N5100135;2000-08-18;2000-08-23;12580;Warczy;1;1576;Komentarz mechanika
273;F52BVWDO81100136;E5100136;2000-07-01;2000-07-05;21617;Wydech;2;8281;Komentarz mechanika
274;I06IVBGE39100137;G5100137;2000-08-01;2000-08-08;13456;Wydech;1;1144;Komentarz mechanika
275;I06IVBGE39100137;G5100137;2000-09-08;2000-09-10;13365;Hamulce;8;7557;Komentarz mechanika
276;I06IVBGE39100137;G5100137;2000-11-10;2000-11-11;13242;Silnik;8;2023;Komentarz mechanika
277;I06IVBGE39100137;G5100137;2000-11-11;2000-11-11;13501;Wydech;9;4207;Komentarz mechanika
278;S28JDLFW69100138;P9100138;2000-07-01;2000-07-08;12798;Silnik;9;3404;Komentarz mechanika
279;S28JDLFW69100138;P9100138;2000-09-08;2000-09-17;12980;Wydech;2;8440;Komentarz mechanika
280;S28JDLFW69100138;P9100138;2000-11-17;2000-11-23;12313;Warczy;6;4804;Komentarz mechanika
281;V58FZVOA98100139;R8100139;2000-08-01;2000-08-04;15903;Warczy;9;2731;Komentarz mechanika
282;V58FZVOA98100139;R8100139;2000-09-04;2000-09-11;15530;Silnik;7;2916;Komentarz mechanika
283;I96CRDLX44100140;S0100140;2000-08-01;2000-08-09;18701;Wydech;1;1500;Komentarz mechanika
284;V53AWUQD86100141;T2100141;2000-06-01;2000-06-07;14289;Silnik;3;8299;Komentarz mechanika
285;V53AWUQD86100141;T2100141;2000-06-07;2000-06-11;14363;Wydech;3;7212;Komentarz mechanika
286;D50BMXEF66100142;C1100142;2000-06-01;2000-06-03;14469;Warczy;5;8978;Komentarz mechanika
287;A92UYRBJ40100143;V2100143;2000-07-01;2000-07-03;14046;Hamulce;9;1297;Komentarz mechanika
288;A92UYRBJ40100143;V2100143;2000-09-03;2000-09-10;13937;Wydech;3;640;Komentarz mechanika
289;A92UYRBJ40100143;V2100143;2000-10-10;2000-10-16;13912;Warczy;3;7938;Komentarz mechanika
290;R31BFVFV21100144;W1100144;2000-08-01;2000-08-06;21254;Wydech;10;6671;Komentarz mechanika
291;R31BFVFV21100144;W1100144;2000-09-06;2000-09-11;21142;Wydech;9;5386;Komentarz mechanika
292;R31BFVFV21100144;W1100144;2000-10-11;2000-10-17;21687;Warczy;5;1630;Komentarz mechanika
293;R94XJINJ37100145;T5100145;2000-08-01;2000-08-03;20832;Warczy;1;9653;Komentarz mechanika
294;R94XJINJ37100145;T5100145;2000-09-03;2000-09-05;21079;Silnik;10;9348;Komentarz mechanika
295;R91HNFCI29100146;H2100146;2000-06-01;2000-06-08;19882;Silnik;10;7886;Komentarz mechanika
296;R91HNFCI29100146;H2100146;2000-08-08;2000-08-11;20118;Hamulce;1;4311;Komentarz mechanika
297;T82AJRCB82100147;P9100147;2000-08-01;2000-08-11;17582;Silnik;5;3892;Komentarz mechanika
298;T82AJRCB82100147;P9100147;2000-10-11;2000-10-12;16937;Silnik;3;4440;Komentarz mechanika
299;T82AJRCB82100147;P9100147;2000-12-12;2000-12-20;16857;Silnik;7;878;Komentarz mechanika
300;V13GPCHU80100148;Q7100148;2000-07-01;2000-07-06;21256;Wydech;2;4278;Komentarz mechanika
301;V13GPCHU80100148;Q7100148;2000-08-06;2000-08-09;20760;Hamulce;1;2521;Komentarz mechanika
302;V13GPCHU80100148;Q7100148;2000-10-09;2000-10-13;21355;Silnik;3;5395;Komentarz mechanika
303;V13GPCHU80100148;Q7100148;2000-11-13;2000-11-20;20588;Warczy;9;4631;Komentarz mechanika
304;K28RSKTD30100149;F5100149;2000-06-01;2000-06-01;14023;Warczy;1;9420;Komentarz mechanika
305;K28RSKTD30100149;F5100149;2000-08-01;2000-08-01;13978;Hamulce;4;6864;Komentarz mechanika
306;K28RSKTD30100149;F5100149;2000-09-01;2000-09-11;14475;Hamulce;3;8989;Komentarz mechanika
307;K28RSKTD30100149;F5100149;2000-11-11;2000-11-19;14065;Silnik;8;7628;Komentarz mechanika
308;E27TIJSR70100150;A1100150;2000-06-01;2000-06-09;13888;Wydech;7;5157;Komentarz mechanika
309;E27TIJSR70100150;A1100150;2000-07-09;2000-07-12;13119;Hamulce;9;1427;Komentarz mechanika
310;E27TIJSR70100150;A1100150;2000-07-12;2000-07-21;13158;Wydech;9;7154;Komentarz mechanika
311;E27TIJSR70100150;A1100150;2000-09-21;2000-09-26;13663;Warczy;9;4978;Komentarz mechanika
312;V61BHHAD96100151;G7100151;2000-07-01;2000-07-03;17604;Warczy;6;937;Komentarz mechanika
313;V61BHHAD96100151;G7100151;2000-09-03;2000-09-04;18386;Warczy;8;3514;Komentarz mechanika
314;V61BHHAD96100151;G7100151;2000-11-04;2000-11-12;17691;Warczy;4;2850;Komentarz mechanika
315;V61BHHAD96100151;G7100151;2000-11-12;2000-11-20;17998;Hamulce;1;7011;Komentarz mechanika
316;K36XXJJU95100152;U6100152;2000-08-01;2000-08-04;15801;Silnik;9;3860;Komentarz mechanika
317;K36XXJJU95100152;U6100152;2000-10-04;2000-10-06;15811;Silnik;7;2809;Komentarz mechanika
318;K36XXJJU95100152;U6100152;2000-12-06;2000-12-11;15383;Hamulce;10;568;Komentarz mechanika
319;F11VFCTO28100153;Z8100153;2000-07-01;2000-07-04;18321;Warczy;8;9199;Komentarz mechanika
320;F11VFCTO28100153;Z8100153;2000-08-04;2000-08-07;18128;Silnik;3;5018;Komentarz mechanika
321;L75GZVWZ69100154;I5100154;2000-06-01;2000-06-06;14023;Wydech;3;8028;Komentarz mechanika
322;L75GZVWZ69100154;I5100154;2000-07-06;2000-07-06;13766;Wydech;10;8308;Komentarz mechanika
323;J44TWCFT97100156;T5100156;2000-07-01;2000-07-08;14822;Hamulce;4;3455;Komentarz mechanika
324;J44TWCFT97100156;T5100156;2000-07-08;2000-07-17;14413;Wydech;10;8046;Komentarz mechanika
325;A86NYXOS50100158;T8100158;2000-08-01;2000-08-06;16410;Silnik;5;6801;Komentarz mechanika
326;A86NYXOS50100158;T8100158;2000-08-06;2000-08-10;16324;Wydech;7;3466;Komentarz mechanika
327;A86NYXOS50100158;T8100158;2000-10-10;2000-10-11;16112;Warczy;4;8440;Komentarz mechanika
328;A86NYXOS50100158;T8100158;2000-10-11;2000-10-18;16191;Wydech;9;3751;Komentarz mechanika
329;T21RCKVA22100159;A3100159;2000-07-01;2000-07-10;14537;Hamulce;3;7950;Komentarz mechanika
330;J35BYVAJ99100160;U0100160;2000-08-01;2000-08-11;20143;Wydech;2;7253;Komentarz mechanika
331;J35BYVAJ99100160;U0100160;2000-08-11;2000-08-13;20271;Warczy;3;1029;Komentarz mechanika
332;J35BYVAJ99100160;U0100160;2000-09-13;2000-09-20;20198;Hamulce;6;9537;Komentarz mechanika
333;M99IDHOC84100163;C6100163;2000-07-01;2000-07-02;18159;Hamulce;3;2410;Komentarz mechanika
334;M99IDHOC84100163;C6100163;2000-08-02;2000-08-03;17936;Silnik;8;6514;Komentarz mechanika
335;Q87ECZBZ96100165;U0100165;2000-06-01;2000-06-03;16688;Wydech;4;1823;Komentarz mechanika
336;Q87ECZBZ96100165;U0100165;2000-07-03;2000-07-12;16579;Hamulce;7;6125;Komentarz mechanika
337;Q87ECZBZ96100165;U0100165;2000-07-12;2000-07-18;16831;Warczy;4;136;Komentarz mechanika
338;F80TXUZH16100168;J5100168;2000-06-01;2000-06-10;18787;Wydech;10;8850;Komentarz mechanika
339;X85HHDSB82100169;M0100169;2000-07-01;2000-07-10;15725;Wydech;4;8430;Komentarz mechanika
340;X85HHDSB82100169;M0100169;2000-08-10;2000-08-13;15749;Warczy;8;9607;Komentarz mechanika
341;X85HHDSB82100169;M0100169;2000-08-13;2000-08-14;15440;Wydech;1;6254;Komentarz mechanika
342;B82REOEF24100170;V1100170;2000-07-01;2000-07-04;18929;Hamulce;9;6504;Komentarz mechanika
343;B82REOEF24100170;V1100170;2000-09-04;2000-09-08;18580;Wydech;8;2861;Komentarz mechanika
344;B82REOEF24100170;V1100170;2000-10-08;2000-10-15;18222;Silnik;6;799;Komentarz mechanika
345;B82REOEF24100170;V1100170;2000-10-15;2000-10-20;18436;Warczy;2;9143;Komentarz mechanika
346;I40SORZM92100171;B9100171;2000-08-01;2000-08-07;14094;Wydech;2;2120;Komentarz mechanika
347;I40SORZM92100171;B9100171;2000-08-07;2000-08-12;13485;Warczy;7;4409;Komentarz mechanika
348;I40SORZM92100171;B9100171;2000-09-12;2000-09-16;13910;Silnik;5;9441;Komentarz mechanika
349;D29WWBXF37100172;B9100172;2000-06-01;2000-06-02;19554;Silnik;5;5562;Komentarz mechanika
350;D29WWBXF37100172;B9100172;2000-08-02;2000-08-09;19369;Hamulce;2;3169;Komentarz mechanika
351;C35DZRTW43100173;I7100173;2000-07-01;2000-07-08;20968;Hamulce;1;2750;Komentarz mechanika
352;C35DZRTW43100173;I7100173;2000-08-08;2000-08-14;20684;Hamulce;6;9352;Komentarz mechanika
353;C35DZRTW43100173;I7100173;2000-09-14;2000-09-14;21255;Wydech;4;8961;Komentarz mechanika
354;C35DZRTW43100173;I7100173;2000-10-14;2000-10-21;20767;Silnik;4;4609;Komentarz mechanika
355;Z19PESFQ43100175;B2100175;2000-08-01;2000-08-04;16189;Hamulce;1;3873;Komentarz mechanika
356;Z19PESFQ43100175;B2100175;2000-10-04;2000-10-04;16661;Hamulce;10;5439;Komentarz mechanika
357;W79YWSXV20100176;S9100176;2000-08-01;2000-08-04;18269;Warczy;6;132;Komentarz mechanika
358;W79YWSXV20100176;S9100176;2000-10-04;2000-10-11;18134;Warczy;10;3737;Komentarz mechanika
359;W79YWSXV20100176;S9100176;2000-10-11;2000-10-14;18269;Hamulce;4;7885;Komentarz mechanika
360;W79YWSXV20100176;S9100176;2000-10-14;2000-10-21;18803;Warczy;2;8958;Komentarz mechanika
361;O65CJCAA94100177;Z7100177;2000-07-01;2000-07-02;13558;Silnik;5;1590;Komentarz mechanika
362;O65CJCAA94100177;Z7100177;2000-07-02;2000-07-04;13497;Wydech;9;4418;Komentarz mechanika
363;D94YIXFS77100178;H4100178;2000-07-01;2000-07-11;12881;Warczy;6;6529;Komentarz mechanika
364;Z40MIHZG21100179;B1100179;2000-07-01;2000-07-08;12991;Wydech;5;9919;Komentarz mechanika
365;Z40MIHZG21100179;B1100179;2000-09-08;2000-09-17;12413;Wydech;7;5120;Komentarz mechanika
366;U34PLPHM83100180;U1100180;2000-07-01;2000-07-11;12294;Hamulce;8;7931;Komentarz mechanika
367;U34PLPHM83100180;U1100180;2000-07-11;2000-07-11;12304;Hamulce;10;8945;Komentarz mechanika
368;U34PLPHM83100180;U1100180;2000-09-11;2000-09-16;12201;Warczy;8;9108;Komentarz mechanika
369;I84KBCNC94100181;F0100181;2000-07-01;2000-07-04;14495;Warczy;8;1837;Komentarz mechanika
370;I84KBCNC94100181;F0100181;2000-08-04;2000-08-10;15406;Silnik;1;2997;Komentarz mechanika
371;B29ESWPZ89100182;B6100182;2000-07-01;2000-07-08;14455;Hamulce;4;514;Komentarz mechanika
372;E62FJUQY61100183;L6100183;2000-08-01;2000-08-10;20068;Silnik;5;6835;Komentarz mechanika
373;P76MRZDS53100185;M3100185;2000-08-01;2000-08-10;16739;Hamulce;4;155;Komentarz mechanika
374;P76MRZDS53100185;M3100185;2000-10-10;2000-10-19;16620;Hamulce;7;4284;Komentarz mechanika
375;P76MRZDS53100185;M3100185;2000-11-19;2000-11-19;17299;Hamulce;6;430;Komentarz mechanika
376;I59WMPTV32100186;Z4100186;2000-06-01;2000-06-01;15937;Hamulce;10;5916;Komentarz mechanika
377;I59WMPTV32100186;Z4100186;2000-08-01;2000-08-09;15825;Wydech;10;6457;Komentarz mechanika
378;Z98JJLUQ06100187;V6100187;2000-08-01;2000-08-11;21659;Hamulce;9;9351;Komentarz mechanika
379;Y47OKCOD40100188;R8100188;2000-08-01;2000-08-04;15108;Wydech;4;7178;Komentarz mechanika
380;Y47OKCOD40100188;R8100188;2000-09-04;2000-09-12;15716;Silnik;4;4658;Komentarz mechanika
381;Y47OKCOD40100188;R8100188;2000-11-12;2000-11-14;15574;Hamulce;1;8637;Komentarz mechanika
382;Y47OKCOD40100188;R8100188;2000-11-14;2000-11-15;15517;Hamulce;5;9059;Komentarz mechanika
383;B23CLENU28100189;N4100189;2000-08-01;2000-08-08;11644;Hamulce;3;1083;Komentarz mechanika
384;X77UTQYH18100190;H1100190;2000-08-01;2000-08-11;20983;Hamulce;10;8683;Komentarz mechanika
385;X77UTQYH18100190;H1100190;2000-09-11;2000-09-12;20675;Silnik;7;5996;Komentarz mechanika
386;X77UTQYH18100190;H1100190;2000-11-12;2000-11-12;20487;Silnik;8;2352;Komentarz mechanika
387;A86YUTQK84100191;L2100191;2000-08-01;2000-08-01;21480;Hamulce;8;485;Komentarz mechanika
388;A86YUTQK84100191;L2100191;2000-08-01;2000-08-01;20795;Silnik;3;2755;Komentarz mechanika
389;A86YUTQK84100191;L2100191;2000-09-01;2000-09-01;21356;Silnik;5;4715;Komentarz mechanika
390;B82ERRLM15100192;M9100192;2000-07-01;2000-07-09;16632;Silnik;7;8122;Komentarz mechanika
391;B82ERRLM15100192;M9100192;2000-09-09;2000-09-19;17005;Wydech;2;296;Komentarz mechanika
392;B82ERRLM15100192;M9100192;2000-11-19;2000-11-19;17515;Wydech;9;8588;Komentarz mechanika
393;B82ERRLM15100192;M9100192;2000-13-19;2000-13-20;17316;Silnik;1;1936;Komentarz mechanika
394;R62YANYC78100194;I9100194;2000-08-01;2000-08-11;13132;Hamulce;8;6440;Komentarz mechanika
395;R62YANYC78100194;I9100194;2000-09-11;2000-09-17;12711;Wydech;8;8376;Komentarz mechanika
396;G56WAAXN91100195;C3100195;2000-08-01;2000-08-09;19736;Wydech;3;2776;Komentarz mechanika
397;G56WAAXN91100195;C3100195;2000-09-09;2000-09-12;19759;Warczy;8;6480;Komentarz mechanika
398;G56WAAXN91100195;C3100195;2000-10-12;2000-10-16;20171;Silnik;3;3427;Komentarz mechanika
399;Z60ZKROT30100197;D2100197;2000-06-01;2000-06-06;19041;Warczy;1;8139;Komentarz mechanika
400;Z60ZKROT30100197;D2100197;2000-07-06;2000-07-07;19055;Wydech;9;177;Komentarz mechanika
401;Z61VFGTK97100198;Q6100198;2000-06-01;2000-06-08;14572;Warczy;2;5329;Komentarz mechanika
402;R64TOXKL14100199;Z5100199;2000-07-01;2000-07-01;12468;Warczy;7;429;Komentarz mechanika
403;T94WMGLG29100202;W8100202;2000-08-01;2000-08-06;19764;Warczy;10;7057;Komentarz mechanika
404;T94WMGLG29100202;W8100202;2000-09-06;2000-09-14;19735;Warczy;4;653;Komentarz mechanika
405;T94WMGLG29100202;W8100202;2000-09-14;2000-09-22;19382;Warczy;8;9887;Komentarz mechanika
406;W65ZJLDZ87100203;O0100203;2000-08-01;2000-08-01;18730;Wydech;10;5430;Komentarz mechanika
407;W65ZJLDZ87100203;O0100203;2000-10-01;2000-10-08;18556;Silnik;8;1360;Komentarz mechanika
408;W65ZJLDZ87100203;O0100203;2000-12-08;2000-12-13;18524;Wydech;1;9381;Komentarz mechanika
409;W65ZJLDZ87100203;O0100203;2000-14-13;2000-14-15;18590;Warczy;4;669;Komentarz mechanika
410;W74PABPW99100204;I9100204;2000-08-01;2000-08-08;19874;Hamulce;8;5123;Komentarz mechanika
411;W74PABPW99100204;I9100204;2000-10-08;2000-10-08;20412;Warczy;7;1859;Komentarz mechanika
412;W74PABPW99100204;I9100204;2000-12-08;2000-12-16;19958;Warczy;7;3907;Komentarz mechanika
413;H20NEKPK60100205;Z5100205;2000-07-01;2000-07-11;16377;Silnik;3;4814;Komentarz mechanika
414;H20NEKPK60100205;Z5100205;2000-07-11;2000-07-11;16697;Hamulce;8;6520;Komentarz mechanika
415;O74WDCHB86100208;U5100208;2000-07-01;2000-07-09;13040;Hamulce;7;7164;Komentarz mechanika
416;O74WDCHB86100208;U5100208;2000-08-09;2000-08-19;12903;Warczy;1;7748;Komentarz mechanika
417;O74WDCHB86100208;U5100208;2000-09-19;2000-09-24;12587;Hamulce;8;7275;Komentarz mechanika
418;Z41NRHDI86100209;D5100209;2000-08-01;2000-08-08;14825;Warczy;1;6570;Komentarz mechanika
419;Z41NRHDI86100209;D5100209;2000-08-08;2000-08-11;15299;Warczy;10;4287;Komentarz mechanika
420;Z41NRHDI86100209;D5100209;2000-10-11;2000-10-18;14972;Hamulce;6;1994;Komentarz mechanika
421;N16JAUAA82100210;C1100210;2000-06-01;2000-06-03;14503;Hamulce;8;3552;Komentarz mechanika
422;N16JAUAA82100210;C1100210;2000-08-03;2000-08-09;15055;Hamulce;5;9336;Komentarz mechanika
423;G70RGCMT62100211;O1100211;2000-08-01;2000-08-07;14977;Silnik;1;6786;Komentarz mechanika
424;G70RGCMT62100211;O1100211;2000-09-07;2000-09-13;14845;Silnik;1;4032;Komentarz mechanika
425;G70RGCMT62100211;O1100211;2000-11-13;2000-11-16;15256;Hamulce;7;7287;Komentarz mechanika
426;K01CMUHA97100212;S4100212;2000-08-01;2000-08-02;20044;Wydech;1;6282;Komentarz mechanika
427;K01CMUHA97100212;S4100212;2000-08-02;2000-08-02;19533;Warczy;2;6510;Komentarz mechanika
428;X62RTSUZ49100213;M2100213;2000-07-01;2000-07-04;14974;Silnik;3;8004;Komentarz mechanika
429;H41ZIMAR09100214;S1100214;2000-06-01;2000-06-06;16420;Warczy;4;2766;Komentarz mechanika
430;H41ZIMAR09100214;S1100214;2000-06-06;2000-06-09;16764;Wydech;5;1540;Komentarz mechanika
431;D41CYEEO57100215;J0100215;2000-07-01;2000-07-01;12178;Hamulce;1;155;Komentarz mechanika
432;D41CYEEO57100215;J0100215;2000-09-01;2000-09-05;12968;Warczy;7;9152;Komentarz mechanika
433;D41CYEEO57100215;J0100215;2000-10-05;2000-10-05;12823;Warczy;7;792;Komentarz mechanika
434;B76NEDUL41100216;D6100216;2000-07-01;2000-07-10;14311;Silnik;9;9161;Komentarz mechanika
435;B76NEDUL41100216;D6100216;2000-09-10;2000-09-19;13880;Silnik;8;6561;Komentarz mechanika
436;Q40PKJXM48100217;V5100217;2000-07-01;2000-07-08;13193;Hamulce;10;1283;Komentarz mechanika
437;Q40PKJXM48100217;V5100217;2000-07-08;2000-07-10;13550;Hamulce;8;126;Komentarz mechanika
438;S14MKHGP04100218;H4100218;2000-08-01;2000-08-08;12361;Wydech;5;9190;Komentarz mechanika
439;S14MKHGP04100218;H4100218;2000-09-08;2000-09-14;11837;Silnik;3;3320;Komentarz mechanika
440;Z12RMCCE23100221;Y3100221;2000-07-01;2000-07-02;15582;Wydech;4;3911;Komentarz mechanika
441;Y77CONEU00100222;M8100222;2000-07-01;2000-07-03;18849;Warczy;3;7737;Komentarz mechanika
442;W92OVXAI72100223;A6100223;2000-06-01;2000-06-01;18632;Wydech;1;2488;Komentarz mechanika
443;H33FBKZC47100224;Y3100224;2000-08-01;2000-08-10;19558;Wydech;10;8343;Komentarz mechanika
444;H33FBKZC47100224;Y3100224;2000-10-10;2000-10-18;20013;Warczy;2;8600;Komentarz mechanika
445;S32GWGND68100225;M1100225;2000-06-01;2000-06-07;18580;Hamulce;4;2444;Komentarz mechanika
446;S32GWGND68100225;M1100225;2000-07-07;2000-07-14;19310;Silnik;4;8656;Komentarz mechanika
447;S32GWGND68100225;M1100225;2000-09-14;2000-09-20;18835;Silnik;4;8954;Komentarz mechanika
448;F95HTMUA28100226;M1100226;2000-07-01;2000-07-03;14811;Warczy;7;2144;Komentarz mechanika
449;A93ULRHX10100227;J2100227;2000-06-01;2000-06-02;15945;Wydech;6;1697;Komentarz mechanika
450;A93ULRHX10100227;J2100227;2000-07-02;2000-07-06;15938;Hamulce;3;1687;Komentarz mechanika
451;F55OPUXT32100228;X3100228;2000-08-01;2000-08-04;20302;Warczy;5;3906;Komentarz mechanika
452;F55OPUXT32100228;X3100228;2000-10-04;2000-10-12;19789;Silnik;4;5150;Komentarz mechanika
453;F55OPUXT32100228;X3100228;2000-10-12;2000-10-14;20629;Hamulce;7;7528;Komentarz mechanika
454;T35JPUIB19100229;U0100229;2000-08-01;2000-08-05;15718;Warczy;3;4546;Komentarz mechanika
455;J64IJLTZ95100230;T9100230;2000-07-01;2000-07-01;15953;Hamulce;5;6679;Komentarz mechanika
456;J64IJLTZ95100230;T9100230;2000-07-01;2000-07-02;16851;Warczy;1;7674;Komentarz mechanika
457;D99CJCKT21100231;K4100231;2000-06-01;2000-06-08;17510;Hamulce;5;3457;Komentarz mechanika
458;D99CJCKT21100231;K4100231;2000-08-08;2000-08-09;17389;Silnik;4;6847;Komentarz mechanika
459;D99CJCKT21100231;K4100231;2000-08-09;2000-08-09;16988;Wydech;2;763;Komentarz mechanika
460;M04ESFGH18100232;D4100232;2000-06-01;2000-06-03;17693;Silnik;4;4024;Komentarz mechanika
461;M04ESFGH18100232;D4100232;2000-06-03;2000-06-07;17698;Wydech;7;3364;Komentarz mechanika
462;V09YZWNM00100233;I2100233;2000-06-01;2000-06-10;16784;Wydech;6;3195;Komentarz mechanika
463;V09YZWNM00100233;I2100233;2000-06-10;2000-06-16;16852;Hamulce;10;9012;Komentarz mechanika
464;M43OOGWY58100234;T5100234;2000-08-01;2000-08-08;19041;Silnik;8;2499;Komentarz mechanika
465;M43OOGWY58100234;T5100234;2000-09-08;2000-09-12;18888;Silnik;2;6977;Komentarz mechanika
466;M43OOGWY58100234;T5100234;2000-11-12;2000-11-13;18956;Warczy;5;239;Komentarz mechanika
467;Q27OVMBT96100235;D5100235;2000-06-01;2000-06-04;18144;Hamulce;7;5344;Komentarz mechanika
468;F51OLSXP37100236;S9100236;2000-06-01;2000-06-11;17060;Hamulce;9;9663;Komentarz mechanika
469;F51OLSXP37100236;S9100236;2000-06-11;2000-06-18;16774;Hamulce;8;378;Komentarz mechanika
470;F51OLSXP37100236;S9100236;2000-08-18;2000-08-26;16704;Warczy;3;6728;Komentarz mechanika
471;A49MGNZO07100237;M9100237;2000-07-01;2000-07-11;16310;Hamulce;2;9561;Komentarz mechanika
472;A49MGNZO07100237;M9100237;2000-09-11;2000-09-16;15748;Warczy;5;5416;Komentarz mechanika
473;A49MGNZO07100237;M9100237;2000-11-16;2000-11-22;15818;Silnik;3;7657;Komentarz mechanika
474;A49MGNZO07100237;M9100237;2000-11-22;2000-11-22;15932;Warczy;7;3757;Komentarz mechanika
475;Q32CSCJG59100239;M8100239;2000-06-01;2000-06-06;20088;Silnik;7;7826;Komentarz mechanika
476;F33YWILY94100241;W5100241;2000-06-01;2000-06-02;16757;Warczy;7;6134;Komentarz mechanika
477;F33YWILY94100241;W5100241;2000-08-02;2000-08-10;17004;Warczy;5;5668;Komentarz mechanika
478;F33YWILY94100241;W5100241;2000-10-10;2000-10-15;16643;Hamulce;9;1464;Komentarz mechanika
479;U06WBWVJ73100242;Q4100242;2000-07-01;2000-07-10;21533;Warczy;9;578;Komentarz mechanika
480;U06WBWVJ73100242;Q4100242;2000-08-10;2000-08-12;21251;Warczy;10;5600;Komentarz mechanika
481;U06WBWVJ73100242;Q4100242;2000-09-12;2000-09-13;21307;Hamulce;2;9630;Komentarz mechanika
482;U06WBWVJ73100242;Q4100242;2000-11-13;2000-11-15;21398;Silnik;2;8454;Komentarz mechanika
483;G66XNTDA42100245;H2100245;2000-07-01;2000-07-11;12227;Wydech;10;9545;Komentarz mechanika
484;K66BQCCZ46100246;N2100246;2000-06-01;2000-06-01;14305;Wydech;1;3621;Komentarz mechanika
485;D72XEMJE64100247;D4100247;2000-06-01;2000-06-10;14585;Silnik;8;4235;Komentarz mechanika
486;D72XEMJE64100247;D4100247;2000-08-10;2000-08-13;14630;Wydech;5;2790;Komentarz mechanika
487;D72XEMJE64100247;D4100247;2000-09-13;2000-09-17;14366;Silnik;2;9866;Komentarz mechanika
488;Q67VXVYM86100248;Z2100248;2000-07-01;2000-07-05;17138;Warczy;10;5280;Komentarz mechanika
489;K60NYCYN18100250;R1100250;2000-07-01;2000-07-02;20739;Wydech;3;3563;Komentarz mechanika
490;O99CZTRM78100251;S1100251;2000-08-01;2000-08-07;15516;Silnik;2;7836;Komentarz mechanika
491;O99CZTRM78100251;S1100251;2000-08-07;2000-08-17;15675;Wydech;3;5699;Komentarz mechanika
492;O99CZTRM78100251;S1100251;2000-08-17;2000-08-24;15249;Wydech;6;9129;Komentarz mechanika
493;O99CZTRM78100251;S1100251;2000-09-24;2000-10-06;15402;Hamulce;9;2798;Komentarz mechanika
494;Z77OJOKY11100252;X1100252;2000-06-01;2000-06-04;18298;Warczy;5;8827;Komentarz mechanika
495;Z77OJOKY11100252;X1100252;2000-07-04;2000-07-11;18509;Silnik;6;6500;Komentarz mechanika
496;Z77OJOKY11100252;X1100252;2000-09-11;2000-09-11;18887;Warczy;10;5611;Komentarz mechanika
497;U19AWSUB75100253;U3100253;2000-07-01;2000-07-09;18197;Hamulce;10;3369;Komentarz mechanika
498;U19AWSUB75100253;U3100253;2000-07-09;2000-07-10;18276;Warczy;7;8773;Komentarz mechanika
499;U19AWSUB75100253;U3100253;2000-08-10;2000-08-16;18861;Silnik;3;2291;Komentarz mechanika
500;T13IJNVU73100254;H6100254;2000-06-01;2000-06-03;21325;Wydech;6;3368;Komentarz mechanika
501;D67XNDAX70100255;P3100255;2000-07-01;2000-07-05;16854;Silnik;1;7616;Komentarz mechanika
502;D67XNDAX70100255;P3100255;2000-07-05;2000-07-06;16736;Silnik;10;2862;Komentarz mechanika
503;U58CFKWT16100256;N3100256;2000-08-01;2000-08-08;19118;Hamulce;2;1635;Komentarz mechanika
504;U58CFKWT16100256;N3100256;2000-10-08;2000-10-15;19034;Silnik;2;2475;Komentarz mechanika
505;X70ICPUX77100257;Y0100257;2000-06-01;2000-06-05;16808;Hamulce;10;4194;Komentarz mechanika
506;X70ICPUX77100257;Y0100257;2000-07-05;2000-07-05;16297;Warczy;4;5397;Komentarz mechanika
507;X70ICPUX77100257;Y0100257;2000-07-05;2000-07-08;16715;Hamulce;2;5827;Komentarz mechanika
508;U62MHROG28100259;Z7100259;2000-06-01;2000-06-02;12637;Warczy;4;3980;Komentarz mechanika
509;H83NWGVB94100260;P8100260;2000-07-01;2000-07-08;13722;Hamulce;8;4686;Komentarz mechanika
510;H72ZAQTM82100262;F0100262;2000-06-01;2000-06-09;19026;Silnik;10;3752;Komentarz mechanika
511;H72ZAQTM82100262;F0100262;2000-07-09;2000-07-09;19580;Warczy;7;9544;Komentarz mechanika
512;H72ZAQTM82100262;F0100262;2000-08-09;2000-08-15;19032;Hamulce;4;1702;Komentarz mechanika
513;N14ILXMU91100263;N8100263;2000-08-01;2000-08-09;20566;Wydech;8;9030;Komentarz mechanika
514;N14ILXMU91100263;N8100263;2000-10-09;2000-10-17;20591;Hamulce;3;7985;Komentarz mechanika
515;N14ILXMU91100263;N8100263;2000-11-17;2000-11-27;19957;Wydech;10;8752;Komentarz mechanika
516;N14ILXMU91100263;N8100263;2000-12-27;2000-12-27;20661;Hamulce;4;1057;Komentarz mechanika
517;F02ISZMN70100264;B8100264;2000-07-01;2000-07-08;11659;Silnik;2;7887;Komentarz mechanika
518;F02ISZMN70100264;B8100264;2000-08-08;2000-08-08;11565;Hamulce;8;3577;Komentarz mechanika
519;Y75GAVNR31100266;Z3100266;2000-08-01;2000-08-11;14208;Hamulce;6;5952;Komentarz mechanika
520;Y75GAVNR31100266;Z3100266;2000-08-11;2000-08-15;14356;Hamulce;1;5874;Komentarz mechanika
521;Y75GAVNR31100266;Z3100266;2000-08-15;2000-08-24;14463;Wydech;2;3508;Komentarz mechanika
522;Y75GAVNR31100266;Z3100266;2000-10-24;2000-10-25;13692;Warczy;7;7376;Komentarz mechanika
523;L28SWBXC90100268;B1100268;2000-08-01;2000-08-03;16523;Warczy;5;8295;Komentarz mechanika
524;L28SWBXC90100268;B1100268;2000-08-03;2000-08-09;16686;Silnik;5;6600;Komentarz mechanika
525;L28SWBXC90100268;B1100268;2000-10-09;2000-10-15;17323;Hamulce;3;5065;Komentarz mechanika
526;L28SWBXC90100268;B1100268;2000-10-15;2000-10-16;16519;Hamulce;5;5036;Komentarz mechanika
527;H16IOXQA23100270;Y5100270;2000-07-01;2000-07-09;16337;Wydech;10;8922;Komentarz mechanika
528;H16IOXQA23100270;Y5100270;2000-07-09;2000-07-09;16265;Wydech;8;3152;Komentarz mechanika
529;T66QDOXI27100271;P5100271;2000-08-01;2000-08-04;20022;Silnik;2;6250;Komentarz mechanika
530;T66QDOXI27100271;P5100271;2000-09-04;2000-09-10;20121;Silnik;6;3911;Komentarz mechanika
531;T66QDOXI27100271;P5100271;2000-11-10;2000-11-13;19961;Warczy;8;4671;Komentarz mechanika
532;T66QDOXI27100271;P5100271;2000-13-13;2000-13-14;20253;Silnik;2;9326;Komentarz mechanika
533;X28TSCMG12100272;J2100272;2000-07-01;2000-07-09;15143;Silnik;5;4981;Komentarz mechanika
534;X28TSCMG12100272;J2100272;2000-07-09;2000-07-13;15598;Warczy;6;1781;Komentarz mechanika
535;Q07ZCCYO16100273;Y2100273;2000-06-01;2000-06-01;12777;Warczy;10;5495;Komentarz mechanika
536;J32APTRA44100274;P5100274;2000-08-01;2000-08-01;20563;Silnik;2;7679;Komentarz mechanika
537;D72MUYVW99100276;P6100276;2000-06-01;2000-06-05;14380;Wydech;6;5716;Komentarz mechanika
538;D72MUYVW99100276;P6100276;2000-07-05;2000-07-10;14294;Wydech;9;5959;Komentarz mechanika
539;D72MUYVW99100276;P6100276;2000-08-10;2000-08-18;13949;Hamulce;5;6102;Komentarz mechanika
540;D72MUYVW99100276;P6100276;2000-08-18;2000-08-23;14343;Wydech;5;9856;Komentarz mechanika
541;O57KEBIE45100277;L4100277;2000-08-01;2000-08-05;13374;Silnik;8;8561;Komentarz mechanika
542;O57KEBIE45100277;L4100277;2000-09-05;2000-09-05;13432;Hamulce;2;7083;Komentarz mechanika
543;W72RGCCW45100278;G3100278;2000-08-01;2000-08-05;18358;Hamulce;4;9120;Komentarz mechanika
544;L71IGAGF58100280;I4100280;2000-06-01;2000-06-10;14213;Silnik;3;4901;Komentarz mechanika
545;L71IGAGF58100280;I4100280;2000-07-10;2000-07-18;14232;Warczy;8;7277;Komentarz mechanika
546;L71IGAGF58100280;I4100280;2000-09-18;2000-09-28;13910;Hamulce;10;2188;Komentarz mechanika
547;X48ZMWOQ55100281;O7100281;2000-06-01;2000-06-07;14189;Warczy;10;8410;Komentarz mechanika
548;X48ZMWOQ55100281;O7100281;2000-06-07;2000-06-17;14025;Hamulce;3;6365;Komentarz mechanika
549;X48ZMWOQ55100281;O7100281;2000-07-17;2000-07-24;13913;Wydech;3;4899;Komentarz mechanika
550;X48ZMWOQ55100281;O7100281;2000-08-24;2000-08-28;14377;Silnik;9;4184;Komentarz mechanika
551;J44VNHBO33100282;T9100282;2000-08-01;2000-08-07;17608;Warczy;1;6392;Komentarz mechanika
552;J44VNHBO33100282;T9100282;2000-09-07;2000-09-12;17893;Silnik;3;309;Komentarz mechanika
553;W24WUYCJ74100284;Q6100284;2000-07-01;2000-07-01;17498;Wydech;5;547;Komentarz mechanika
554;X68BMTJM51100285;T4100285;2000-08-01;2000-08-02;17199;Hamulce;9;4698;Komentarz mechanika
555;X77JCMFR78100286;B5100286;2000-07-01;2000-07-02;19982;Warczy;9;2064;Komentarz mechanika
556;X77JCMFR78100286;B5100286;2000-08-02;2000-08-07;20022;Silnik;6;302;Komentarz mechanika
557;H80NQVBO19100287;D9100287;2000-08-01;2000-08-11;19441;Hamulce;7;7313;Komentarz mechanika
558;H80NQVBO19100287;D9100287;2000-08-11;2000-08-18;18832;Wydech;9;7142;Komentarz mechanika
559;H80NQVBO19100287;D9100287;2000-08-18;2000-08-24;19070;Hamulce;10;2641;Komentarz mechanika
560;X93ISOBS10100288;C1100288;2000-06-01;2000-06-10;19783;Silnik;6;8693;Komentarz mechanika
561;X93ISOBS10100288;C1100288;2000-08-10;2000-08-15;19740;Wydech;10;1752;Komentarz mechanika
562;E44XBOUK22100289;O7100289;2000-08-01;2000-08-03;20897;Wydech;10;6488;Komentarz mechanika
563;P61JHLRI86100290;P6100290;2000-06-01;2000-06-03;14433;Silnik;3;2274;Komentarz mechanika
564;P61JHLRI86100290;P6100290;2000-06-03;2000-06-04;13863;Warczy;8;1467;Komentarz mechanika
565;P61JHLRI86100290;P6100290;2000-06-04;2000-06-14;13857;Hamulce;6;7406;Komentarz mechanika
566;L82ARJPI05100291;A6100291;2000-08-01;2000-08-07;17900;Wydech;2;496;Komentarz mechanika
567;L82ARJPI05100291;A6100291;2000-10-07;2000-10-08;17974;Wydech;6;1934;Komentarz mechanika
568;L82ARJPI05100291;A6100291;2000-12-08;2000-12-17;17718;Hamulce;6;2332;Komentarz mechanika
569;L82ARJPI05100291;A6100291;2000-13-17;2000-13-23;17913;Silnik;4;9942;Komentarz mechanika
570;O29OTTDN62100293;Z0100293;2000-06-01;2000-06-08;20673;Warczy;4;5987;Komentarz mechanika
571;O29OTTDN62100293;Z0100293;2000-06-08;2000-06-16;21170;Wydech;7;2864;Komentarz mechanika
572;O29OTTDN62100293;Z0100293;2000-07-16;2000-07-21;21559;Silnik;7;6126;Komentarz mechanika
573;P42XIBMK08100294;O0100294;2000-08-01;2000-08-06;11562;Wydech;4;1091;Komentarz mechanika
574;P42XIBMK08100294;O0100294;2000-09-06;2000-09-16;11913;Warczy;8;6021;Komentarz mechanika
575;B79YZMCN59100295;F1100295;2000-07-01;2000-07-10;15996;Wydech;9;2392;Komentarz mechanika
576;X97FAFUI06100296;L4100296;2000-06-01;2000-06-04;15729;Silnik;4;4832;Komentarz mechanika
577;X97FAFUI06100296;L4100296;2000-07-04;2000-07-05;15660;Wydech;10;7015;Komentarz mechanika
578;M14VHITE46100297;I0100297;2000-06-01;2000-06-03;21284;Hamulce;8;3363;Komentarz mechanika
579;T03GOIVQ01100298;R3100298;2000-08-01;2000-08-10;20472;Hamulce;10;2805;Komentarz mechanika
580;T03GOIVQ01100298;R3100298;2000-10-10;2000-10-11;20325;Silnik;9;4018;Komentarz mechanika
581;T03GOIVQ01100298;R3100298;2000-10-11;2000-10-13;19691;Silnik;3;994;Komentarz mechanika
582;T03GOIVQ01100298;R3100298;2000-10-13;2000-10-16;20097;Wydech;3;1906;Komentarz mechanika
583;E60TYYBG25100299;K5100299;2000-06-01;2000-06-06;18236;Silnik;1;4903;Komentarz mechanika
584;O96NJMXL78100300;S0100300;2000-06-01;2000-06-11;15085;Wydech;1;111;Komentarz mechanika
585;O96NJMXL78100300;S0100300;2000-07-11;2000-07-19;15971;Silnik;7;9818;Komentarz mechanika
586;O96NJMXL78100300;S0100300;2000-08-19;2000-08-28;15249;Silnik;4;2558;Komentarz mechanika
587;E32JEPRR94100301;Q9100301;2000-08-01;2000-08-05;13270;Wydech;4;2806;Komentarz mechanika
588;E32JEPRR94100301;Q9100301;2000-08-05;2000-08-05;14014;Silnik;3;9614;Komentarz mechanika
589;E32JEPRR94100301;Q9100301;2000-10-05;2000-10-12;13413;Hamulce;5;6727;Komentarz mechanika
590;E32JEPRR94100301;Q9100301;2000-10-12;2000-10-18;13097;Hamulce;1;5025;Komentarz mechanika
591;H33ZXUMW09100302;K3100302;2000-06-01;2000-06-05;15699;Hamulce;8;7196;Komentarz mechanika
592;H33ZXUMW09100302;K3100302;2000-08-05;2000-08-11;15856;Silnik;1;6561;Komentarz mechanika
593;H33ZXUMW09100302;K3100302;2000-08-11;2000-08-17;15442;Wydech;3;4788;Komentarz mechanika
594;H33ZXUMW09100302;K3100302;2000-10-17;2000-10-18;15551;Silnik;4;5120;Komentarz mechanika
595;C36XLZZU16100303;R2100303;2000-08-01;2000-08-06;12387;Silnik;2;2637;Komentarz mechanika
596;C36XLZZU16100303;R2100303;2000-09-06;2000-09-07;12235;Wydech;10;933;Komentarz mechanika
597;C36XLZZU16100303;R2100303;2000-11-07;2000-11-11;12101;Silnik;10;9820;Komentarz mechanika
598;B68VFUJI86100304;Y9100304;2000-07-01;2000-07-10;19953;Silnik;7;2791;Komentarz mechanika
599;H00QFYYQ70100305;Z8100305;2000-07-01;2000-07-05;12141;Wydech;1;3752;Komentarz mechanika
600;J66WJOEU39100306;E6100306;2000-06-01;2000-06-05;16291;Warczy;5;6626;Komentarz mechanika
601;J24MJEMC30100307;U3100307;2000-08-01;2000-08-09;19827;Silnik;3;3615;Komentarz mechanika
602;J24MJEMC30100307;U3100307;2000-08-09;2000-08-11;19889;Wydech;8;6736;Komentarz mechanika
603;N57KLDAP47100308;J9100308;2000-06-01;2000-06-05;16091;Wydech;1;4255;Komentarz mechanika
604;Y24YLVCV52100309;P6100309;2000-07-01;2000-07-09;11676;Hamulce;6;1505;Komentarz mechanika
605;Y24YLVCV52100309;P6100309;2000-09-09;2000-09-19;12398;Silnik;10;2083;Komentarz mechanika
606;Y24YLVCV52100309;P6100309;2000-11-19;2000-11-26;11719;Silnik;1;8702;Komentarz mechanika
607;Y24YLVCV52100309;P6100309;2000-12-26;2001-01-03;12278;Warczy;4;159;Komentarz mechanika
608;N92XISSA87100310;V8100310;2000-08-01;2000-08-04;15277;Hamulce;9;6334;Komentarz mechanika
609;N92XISSA87100310;V8100310;2000-09-04;2000-09-10;14664;Wydech;1;2439;Komentarz mechanika
610;N92XISSA87100310;V8100310;2000-10-10;2000-10-14;14708;Hamulce;4;5738;Komentarz mechanika
611;G32LXWJI15100312;M2100312;2000-07-01;2000-07-01;17218;Wydech;1;2680;Komentarz mechanika
612;G32LXWJI15100312;M2100312;2000-09-01;2000-09-02;17345;Wydech;6;3994;Komentarz mechanika
613;G32LXWJI15100312;M2100312;2000-10-02;2000-10-05;17429;Hamulce;3;9142;Komentarz mechanika
614;G32LXWJI15100312;M2100312;2000-10-05;2000-10-15;18135;Warczy;5;9212;Komentarz mechanika
615;V77LRXDG81100313;U1100313;2000-07-01;2000-07-03;18183;Wydech;5;4501;Komentarz mechanika
616;T53HWQFM67100314;V9100314;2000-08-01;2000-08-10;18177;Hamulce;4;7298;Komentarz mechanika
617;T53HWQFM67100314;V9100314;2000-09-10;2000-09-10;18276;Silnik;5;4584;Komentarz mechanika
618;T53HWQFM67100314;V9100314;2000-09-10;2000-09-17;17903;Hamulce;3;6509;Komentarz mechanika
619;D08BBQNW93100315;D9100315;2000-07-01;2000-07-11;15423;Warczy;5;8010;Komentarz mechanika
620;D08BBQNW93100315;D9100315;2000-08-11;2000-08-14;15798;Warczy;5;1688;Komentarz mechanika
621;D08BBQNW93100315;D9100315;2000-10-14;2000-10-23;16100;Warczy;3;9725;Komentarz mechanika
622;D08BBQNW93100315;D9100315;2000-10-23;2000-11-05;15317;Silnik;4;7835;Komentarz mechanika
623;L20JOEJX43100317;N7100317;2000-08-01;2000-08-06;21388;Silnik;9;8965;Komentarz mechanika
624;L20JOEJX43100317;N7100317;2000-08-06;2000-08-06;21245;Silnik;1;3687;Komentarz mechanika
625;Y93KRMPD98100318;Y7100318;2000-08-01;2000-08-06;21224;Warczy;9;9925;Komentarz mechanika
626;Y93KRMPD98100318;Y7100318;2000-09-06;2000-09-15;20916;Wydech;5;6681;Komentarz mechanika
627;W07CUHYZ09100319;C4100319;2000-08-01;2000-08-07;17241;Hamulce;3;1952;Komentarz mechanika
628;W07CUHYZ09100319;C4100319;2000-08-07;2000-08-13;17584;Hamulce;2;9319;Komentarz mechanika
629;W07CUHYZ09100319;C4100319;2000-09-13;2000-09-14;17509;Silnik;7;2511;Komentarz mechanika
630;W07CUHYZ09100319;C4100319;2000-09-14;2000-09-19;16965;Wydech;1;5401;Komentarz mechanika
631;P47UEVXK93100320;X9100320;2000-07-01;2000-07-06;21195;Silnik;8;1796;Komentarz mechanika
632;P47UEVXK93100320;X9100320;2000-07-06;2000-07-10;20997;Silnik;3;1933;Komentarz mechanika
633;P47UEVXK93100320;X9100320;2000-08-10;2000-08-17;21807;Warczy;1;3344;Komentarz mechanika
634;P47UEVXK93100320;X9100320;2000-09-17;2000-09-26;21604;Wydech;3;6716;Komentarz mechanika
635;O43QKVOX67100321;J8100321;2000-07-01;2000-07-09;19265;Hamulce;5;8236;Komentarz mechanika
636;O43QKVOX67100321;J8100321;2000-09-09;2000-09-15;19481;Warczy;2;8160;Komentarz mechanika
637;O43QKVOX67100321;J8100321;2000-11-15;2000-11-16;18871;Hamulce;4;5568;Komentarz mechanika
638;O43QKVOX67100321;J8100321;2000-13-16;2000-13-18;18846;Wydech;9;1728;Komentarz mechanika
639;W37OEZAK06100322;Z4100322;2000-08-01;2000-08-04;14538;Silnik;3;9283;Komentarz mechanika
640;W37OEZAK06100322;Z4100322;2000-08-04;2000-08-11;14374;Hamulce;8;257;Komentarz mechanika
641;I50NOLBY20100323;Z2100323;2000-06-01;2000-06-06;17685;Warczy;7;9190;Komentarz mechanika
642;I50NOLBY20100323;Z2100323;2000-08-06;2000-08-09;18477;Silnik;3;1750;Komentarz mechanika
643;I50NOLBY20100323;Z2100323;2000-10-09;2000-10-14;18066;Wydech;6;1581;Komentarz mechanika
644;I50NOLBY20100323;Z2100323;2000-11-14;2000-11-21;18325;Silnik;9;4495;Komentarz mechanika
645;X33FIHUQ76100324;B7100324;2000-08-01;2000-08-10;17151;Silnik;8;4571;Komentarz mechanika
646;X33FIHUQ76100324;B7100324;2000-09-10;2000-09-20;17345;Wydech;9;8323;Komentarz mechanika
647;C55DCRXE50100326;W1100326;2000-07-01;2000-07-07;18726;Hamulce;10;9645;Komentarz mechanika
648;C55DCRXE50100326;W1100326;2000-09-07;2000-09-09;18780;Warczy;10;4794;Komentarz mechanika
649;C55DCRXE50100326;W1100326;2000-09-09;2000-09-16;19472;Wydech;3;505;Komentarz mechanika
650;D94RQUMT31100327;U8100327;2000-06-01;2000-06-11;11946;Wydech;7;4584;Komentarz mechanika
651;D94RQUMT31100327;U8100327;2000-08-11;2000-08-11;11939;Hamulce;2;5360;Komentarz mechanika
652;D94RQUMT31100327;U8100327;2000-10-11;2000-10-15;12032;Warczy;10;2837;Komentarz mechanika
653;D94RQUMT31100327;U8100327;2000-12-15;2000-12-23;11715;Hamulce;3;8723;Komentarz mechanika
654;U04CQIXS88100328;F4100328;2000-06-01;2000-06-04;19492;Silnik;4;3855;Komentarz mechanika
655;U04CQIXS88100328;F4100328;2000-06-04;2000-06-06;19502;Warczy;7;4130;Komentarz mechanika
656;U04CQIXS88100328;F4100328;2000-08-06;2000-08-08;19596;Silnik;5;1933;Komentarz mechanika
657;O59VDESR04100330;L4100330;2000-07-01;2000-07-09;19778;Silnik;6;428;Komentarz mechanika
658;O33PGIEP89100331;R4100331;2000-06-01;2000-06-02;15690;Wydech;2;3476;Komentarz mechanika
659;O33PGIEP89100331;R4100331;2000-08-02;2000-08-09;15538;Wydech;4;9232;Komentarz mechanika
660;K18IVBUD84100332;N2100332;2000-07-01;2000-07-05;17219;Hamulce;8;4477;Komentarz mechanika
661;K18IVBUD84100332;N2100332;2000-08-05;2000-08-10;17592;Wydech;8;9562;Komentarz mechanika
662;K18IVBUD84100332;N2100332;2000-08-10;2000-08-13;17936;Warczy;8;8191;Komentarz mechanika
663;K18IVBUD84100332;N2100332;2000-10-13;2000-10-23;17547;Hamulce;8;4998;Komentarz mechanika
664;X38PZXAH54100336;S1100336;2000-06-01;2000-06-02;17090;Silnik;7;1355;Komentarz mechanika
665;X38PZXAH54100336;S1100336;2000-08-02;2000-08-07;16976;Warczy;6;7761;Komentarz mechanika
666;X38PZXAH54100336;S1100336;2000-08-07;2000-08-13;16802;Silnik;4;6329;Komentarz mechanika
667;R94CCODX47100337;J5100337;2000-06-01;2000-06-10;14108;Silnik;2;4537;Komentarz mechanika
668;R94CCODX47100337;J5100337;2000-07-10;2000-07-15;14485;Wydech;8;1598;Komentarz mechanika
669;R94CCODX47100337;J5100337;2000-07-15;2000-07-18;14043;Warczy;8;8420;Komentarz mechanika
670;R94CCODX47100337;J5100337;2000-09-18;2000-09-24;14646;Hamulce;6;1366;Komentarz mechanika
671;B34GWNLT07100340;C2100340;2000-06-01;2000-06-01;14236;Warczy;5;3277;Komentarz mechanika
672;B34GWNLT07100340;C2100340;2000-06-01;2000-06-02;14422;Silnik;5;2930;Komentarz mechanika
673;B34GWNLT07100340;C2100340;2000-08-02;2000-08-08;14054;Hamulce;7;7425;Komentarz mechanika
674;B34GWNLT07100340;C2100340;2000-08-08;2000-08-08;14831;Wydech;8;7195;Komentarz mechanika
